{"run_id": 0, "rows": 7958, "duration": 4.57830548286438, "throughput": 1738.1976868483537}
{"run_id": 1, "rows": 10042, "duration": 6.811169385910034, "throughput": 1474.3430138110268}
{"run_id": 2, "rows": 8675, "duration": 34.74540185928345, "throughput": 249.67332469295275}
{"run_id": 3, "rows": 33115, "duration": 89.61390995979309, "throughput": 369.5296859032001}
