{"batch_id": 0, "rows": 0, "duration": 5.2205939292907715, "throughput": 0.0}
{"batch_id": 1, "rows": 0, "duration": 10.033072710037231, "throughput": 0.0}
{"batch_id": 2, "rows": 500, "duration": 8.028941631317139, "throughput": 62.27470854312034}
{"batch_id": 3, "rows": 500, "duration": 7.043436527252197, "throughput": 70.98807493549761}
{"batch_id": 4, "rows": 1000, "duration": 9.972919940948486, "throughput": 100.27153591136658}
{"batch_id": 5, "rows": 1000, "duration": 9.442510604858398, "throughput": 105.90403779747687}
{"batch_id": 6, "rows": 1500, "duration": 7.447596073150635, "throughput": 201.40727091895562}
{"batch_id": 7, "rows": 500, "duration": 9.722407817840576, "throughput": 51.42758968436833}
{"batch_id": 8, "rows": 1000, "duration": 6.919327974319458, "throughput": 144.52270563144592}
{"batch_id": 9, "rows": 1000, "duration": 6.870543479919434, "throughput": 145.54889331865874}
{"batch_id": 10, "rows": 1000, "duration": 21.99844217300415, "throughput": 45.457764333293156}
{"batch_id": 11, "rows": 1000, "duration": 6.283572196960449, "throughput": 159.14514366266528}
{"batch_id": 12, "rows": 1000, "duration": 15.054836988449097, "throughput": 66.42383446378432}
{"batch_id": 13, "rows": 1500, "duration": 17.25720191001892, "throughput": 86.92023236566254}
{"batch_id": 14, "rows": 500, "duration": 6.373940706253052, "throughput": 78.44440716392029}
{"batch_id": 15, "rows": 1000, "duration": 12.115898847579956, "throughput": 82.53617932768903}
{"batch_id": 16, "rows": 1000, "duration": 8.14339828491211, "throughput": 122.7988568178933}
{"batch_id": 17, "rows": 1000, "duration": 6.676056385040283, "throughput": 149.78902848106577}
{"batch_id": 18, "rows": 1500, "duration": 6.3260579109191895, "throughput": 237.11449074958702}
{"batch_id": 19, "rows": 500, "duration": 6.666067361831665, "throughput": 75.00674278554136}
{"batch_id": 20, "rows": 1000, "duration": 6.3598527908325195, "throughput": 157.2363438099481}
{"batch_id": 21, "rows": 1000, "duration": 11.765297889709473, "throughput": 84.99572296207228}
{"batch_id": 22, "rows": 1000, "duration": 26.380096673965454, "throughput": 37.90736676817796}
{"batch_id": 23, "rows": 1000, "duration": 9.667523860931396, "throughput": 103.43910337177665}
{"batch_id": 24, "rows": 1000, "duration": 7.354075193405151, "throughput": 135.97902845714185}
{"batch_id": 25, "rows": 1500, "duration": 23.598544359207153, "throughput": 63.56324259529014}
{"batch_id": 26, "rows": 500, "duration": 24.297333002090454, "throughput": 20.578390227313502}
{"batch_id": 27, "rows": 1000, "duration": 19.176156759262085, "throughput": 52.14809268374383}
{"batch_id": 28, "rows": 1500, "duration": 8.990076065063477, "throughput": 166.85064610623056}
{"batch_id": 29, "rows": 500, "duration": 9.291308879852295, "throughput": 53.81373135535545}
{"batch_id": 30, "rows": 1000, "duration": 8.01820182800293, "throughput": 124.71624205162557}
{"batch_id": 31, "rows": 1000, "duration": 29.36641025543213, "throughput": 34.05251071894367}
{"batch_id": 32, "rows": 1000, "duration": 9.684269428253174, "throughput": 103.26024150903633}
{"batch_id": 33, "rows": 1000, "duration": 8.163599491119385, "throughput": 122.49498534167812}
{"batch_id": 34, "rows": 1500, "duration": 11.855066776275635, "throughput": 126.52817806153574}
